id;first_name;last_name;license_number;created_date;updated_date
1;Wilfrid;Reichert;Dinar;2023-03-06T10:01:42;2023-03-06T23:30:49
2;Angela;Kutch;Cotton purple;2023-03-06T17:05:14;2023-03-06T15:28:46
3;Georgianna;Murphy;Sharable;2023-03-06T13:49:45;2023-03-06T11:22:24
4;Delfina;Barton;Metical navigating morph;2023-03-06T21:30:48;2023-03-06T05:44:34
5;Turner;Towne;Liaison Computer;2023-03-06T17:42:25;2023-03-07T01:04:58
6;Ned;Balistreri;bypassing;2023-03-06T17:24:31;2023-03-06T19:16:17
7;Jonathan;Jaskolski;deposit New;2023-03-06T23:34:14;2023-03-06T04:57:22
8;Keon;Maggio;Outdoors Summit;2023-03-06T16:36:13;2023-03-06T20:02:49
9;Cesar;Muller;withdrawal Gorgeous;2023-03-06T18:48:36;2023-03-06T22:24:27
10;Caroline;Stracke;heuristic;2023-03-06T06:54:20;2023-03-06T15:10:25
